{"data":[{"dimensions":[{"label":"Victim Age","values":["18-30","30-50","30-50","30-50","30-50","50+","30-50","30-50","30-50","30-50","30-50","18-30","30-50","30-50","30-50","50+","18-30","30-50","18-30","30-50","30-50","18-30","50+","18-30","30-50","50+","18-30","30-50","30-50","30-50","30-50","30-50","50+","30-50","50+","30-50","30-50","18-30","18-30","30-50","30-50","30-50","30-50","30-50","30-50","30-50","50+","18-30","30-50","30-50","50+","18-30","30-50","30-50","30-50","30-50","30-50","18-30","18-30","18-30","50+","18-30","0-18","30-50","18-30","30-50","50+","30-50","30-50","30-50","30-50","18-30","30-50","30-50","30-50","18-30","18-30","30-50","30-50","18-30","30-50","30-50","18-30","18-30","18-30","18-30","30-50","30-50","30-50","30-50","18-30","30-50","30-50","50+","30-50","30-50","18-30","50+","30-50","18-30","30-50","30-50","30-50","18-30","30-50","50+","30-50","50+","50+","30-50","18-30","30-50","30-50","50+","18-30","50+","18-30","18-30","30-50","30-50","30-50","30-50","30-50","30-50","30-50","30-50","30-50","30-50","30-50","50+","50+","50+","30-50","30-50","18-30","30-50","50+","30-50","18-30","18-30","18-30","30-50","18-30","18-30","30-50","30-50","18-30","50+","18-30","18-30","50+","50+","50+","30-50","30-50","50+","30-50","30-50","30-50","18-30","18-30","30-50","30-50","30-50","18-30","30-50","30-50","18-30","30-50","18-30","18-30","30-50","18-30","30-50","30-50","18-30","50+","30-50","50+","30-50","30-50","30-50","30-50","30-50","30-50","50+","18-30","30-50","30-50","30-50","30-50","30-50","18-30","18-30","30-50","30-50","30-50","18-30","30-50","30-50","30-50","18-30","30-50","30-50","30-50","30-50","30-50","18-30","18-30","18-30","18-30","50+","18-30","30-50","30-50","30-50","50+","50+","50+","30-50","30-50","30-50","18-30","30-50","30-50","30-50","50+","30-50","30-50","30-50","30-50","30-50","50+","30-50","18-30","30-50","50+","30-50","50+","30-50","30-50","18-30","30-50"]},{"label":"Victim Sex","values":["Male","Female","Male","Male","Male","Male","Male","Male","Male","Male","Male","Male","Male","Male","Male","Male","Male","Male","Unknown","Male","Male","Male","Male","Male","Male","Male","Male","Male","Male","Male","Male","Male","Male","Male","Male","Male","Male","Male","Male","Male","Male","Female","Male","Male","Male","Male","Male","Male","Male","Male","Male","Unknown","Male","Male","Male","Male","Unknown","Male","Male","Male","Female","Male","Male","Male","Male","Male","Male","Male","Male","Male","Male","Male","Male","Male","Male","Unknown","Male","Male","Male","Male","Male","Male","Male","Male","Male","Male","Male","Male","Male","Male","Male","Male","Male","Male","Male","Male","Male","Male","Male","Unknown","Male","Male","Male","Male","Male","Male","Male","Male","Male","Male","Male","Male","Male","Male","Unknown","Male","Unknown","Male","Male","Male","Male","Male","Male","Male","Male","Male","Male","Male","Male","Male","Male","Male","Male","Male","Male","Male","Male","Male","Male","Unknown","Male","Male","Male","Male","Male","Male","Female","Male","Male","Unknown","Male","Male","Male","Male","Male","Male","Male","Male","Male","Female","Male","Male","Male","Female","Male","Male","Male","Male","Male","Male","Male","Male","Male","Male","Male","Unknown","Male","Male","Male","Male","Male","Male","Male","Male","Male","Male","Male","Male","Male","Male","Male","Male","Male","Unknown","Female","Male","Male","Male","Male","Male","Male","Male","Male","Male","Male","Male","Male","Unknown","Male","Male","Unknown","Male","Unknown","Male","Male","Male","Male","Male","Male","Male","Male","Male","Male","Male","Male","Male","Male","Male","Male","Male","Male","Male","Male","Male","Unknown","Male","Male","Male","Male","Male","Female","Male","Male"]},{"label":"Victim Descent","values":["Other","Black","Hispanic\u002fLatin\u002fMexican","White","White","White","White","Black","White","White","Hispanic\u002fLatin\u002fMexican","Hispanic\u002fLatin\u002fMexican","White","Unknown","White","Hispanic\u002fLatin\u002fMexican","Black","White","Unknown","Hispanic\u002fLatin\u002fMexican","White","Black","Black","Hispanic\u002fLatin\u002fMexican","White","White","White","Black","Hispanic\u002fLatin\u002fMexican","Hispanic\u002fLatin\u002fMexican","White","Other Asian","White","White","Black","White","White","White","Hispanic\u002fLatin\u002fMexican","White","White","White","White","Hispanic\u002fLatin\u002fMexican","Hispanic\u002fLatin\u002fMexican","White","White","White","White","White","Hispanic\u002fLatin\u002fMexican","Unknown","Hispanic\u002fLatin\u002fMexican","White","White","Unknown","Unknown","Hispanic\u002fLatin\u002fMexican","Hispanic\u002fLatin\u002fMexican","Hispanic\u002fLatin\u002fMexican","Chinese","White","Black","Hispanic\u002fLatin\u002fMexican","White","White","White","Hispanic\u002fLatin\u002fMexican","Hispanic\u002fLatin\u002fMexican","Black","White","White","Other","White","White","Unknown","Black","Hispanic\u002fLatin\u002fMexican","Hispanic\u002fLatin\u002fMexican","White","White","White","White","White","White","White","White","White","Hispanic\u002fLatin\u002fMexican","White","Hispanic\u002fLatin\u002fMexican","White","Hispanic\u002fLatin\u002fMexican","Black","White","White","White","White","White","Unknown","White","Hispanic\u002fLatin\u002fMexican","Hispanic\u002fLatin\u002fMexican","Black","White","White","White","White","White","White","Hispanic\u002fLatin\u002fMexican","White","White","White","Unknown","Hispanic\u002fLatin\u002fMexican","Unknown","White","White","White","Hispanic\u002fLatin\u002fMexican","Other","Hispanic\u002fLatin\u002fMexican","Hispanic\u002fLatin\u002fMexican","White","White","Hispanic\u002fLatin\u002fMexican","White","White","Other","White","Other","White","White","White","White","Hispanic\u002fLatin\u002fMexican","White","White","Unknown","Hispanic\u002fLatin\u002fMexican","Hispanic\u002fLatin\u002fMexican","White","Hispanic\u002fLatin\u002fMexican","White","Hispanic\u002fLatin\u002fMexican","White","Hispanic\u002fLatin\u002fMexican","Hispanic\u002fLatin\u002fMexican","Unknown","White","Hispanic\u002fLatin\u002fMexican","Other","White","White","White","Hispanic\u002fLatin\u002fMexican","Black","Other","White","Black","Hispanic\u002fLatin\u002fMexican","White","White","Black","Hispanic\u002fLatin\u002fMexican","Other","White","Unknown","Other","White","White","Hispanic\u002fLatin\u002fMexican","Hispanic\u002fLatin\u002fMexican","Other","Unknown","Hispanic\u002fLatin\u002fMexican","White","Hispanic\u002fLatin\u002fMexican","Hispanic\u002fLatin\u002fMexican","Black","Other","White","Hispanic\u002fLatin\u002fMexican","White","Hispanic\u002fLatin\u002fMexican","Hispanic\u002fLatin\u002fMexican","White","White","Hispanic\u002fLatin\u002fMexican","Hispanic\u002fLatin\u002fMexican","Black","Hispanic\u002fLatin\u002fMexican","Unknown","White","Black","White","Black","Hispanic\u002fLatin\u002fMexican","Hispanic\u002fLatin\u002fMexican","White","Hispanic\u002fLatin\u002fMexican","White","White","White","White","Hispanic\u002fLatin\u002fMexican","Unknown","White","Other","Unknown","Hispanic\u002fLatin\u002fMexican","Unknown","White","Unknown","White","Other Asian","White","White","Black","Other","Black","Black","White","Unknown","Hispanic\u002fLatin\u002fMexican","Hispanic\u002fLatin\u002fMexican","Other Asian","White","Black","White","White","Other","Other Asian","Unknown","White","Hispanic\u002fLatin\u002fMexican","Hispanic\u002fLatin\u002fMexican","White","White","White","Hispanic\u002fLatin\u002fMexican","White"]},{"label":"Crime Code Description","values":["BATTERY ON A FIREFIGHTER","BURGLARY FROM VEHICLE","BURGLARY","BATTERY ON A FIREFIGHTER","VANDALISM - FELONY ($400 & OVER, ALL CHURCH VANDALISMS)","CRIMINAL THREATS - NO WEAPON DISPLAYED","BATTERY ON A FIREFIGHTER","BATTERY ON A FIREFIGHTER","BATTERY ON A FIREFIGHTER","BATTERY ON A FIREFIGHTER","BURGLARY FROM VEHICLE","VANDALISM - FELONY ($400 & OVER, ALL CHURCH VANDALISMS)","BATTERY ON A FIREFIGHTER","THEFT PLAIN - PETTY ($950 & UNDER)","BATTERY ON A FIREFIGHTER","THEFT PLAIN - PETTY ($950 & UNDER)","BATTERY ON A FIREFIGHTER","BATTERY ON A FIREFIGHTER","THEFT FROM MOTOR VEHICLE - PETTY ($950 & UNDER)","BATTERY ON A FIREFIGHTER","BATTERY ON A FIREFIGHTER","BATTERY ON A FIREFIGHTER","BATTERY ON A FIREFIGHTER","THEFT FROM MOTOR VEHICLE - GRAND ($950.01 AND OVER)","BATTERY ON A FIREFIGHTER","VANDALISM - FELONY ($400 & OVER, ALL CHURCH VANDALISMS)","BURGLARY FROM VEHICLE","BATTERY ON A FIREFIGHTER","BATTERY ON A FIREFIGHTER","BATTERY ON A FIREFIGHTER","BATTERY ON A FIREFIGHTER","BATTERY ON A FIREFIGHTER","VANDALISM - FELONY ($400 & OVER, ALL CHURCH VANDALISMS)","BATTERY ON A FIREFIGHTER","BATTERY ON A FIREFIGHTER","BATTERY ON A FIREFIGHTER","BATTERY ON A FIREFIGHTER","THEFT OF IDENTITY","THEFT-GRAND ($950.01 & OVER)EXCPT,GUNS,FOWL,LIVESTK,PROD","BATTERY ON A FIREFIGHTER","BATTERY ON A FIREFIGHTER","BATTERY ON A FIREFIGHTER","BATTERY ON A FIREFIGHTER","THEFT-GRAND ($950.01 & OVER)EXCPT,GUNS,FOWL,LIVESTK,PROD","BATTERY ON A FIREFIGHTER","BATTERY ON A FIREFIGHTER","BATTERY ON A FIREFIGHTER","BATTERY ON A FIREFIGHTER","BATTERY ON A FIREFIGHTER","CRIMINAL THREATS - NO WEAPON DISPLAYED","BURGLARY","BATTERY ON A FIREFIGHTER","BATTERY ON A FIREFIGHTER","BATTERY ON A FIREFIGHTER","THEFT-GRAND ($950.01 & OVER)EXCPT,GUNS,FOWL,LIVESTK,PROD","VANDALISM - MISDEAMEANOR ($399 OR UNDER)","BATTERY ON A FIREFIGHTER","BATTERY ON A FIREFIGHTER","BATTERY ON A FIREFIGHTER","VIOLATION OF RESTRAINING ORDER","BURGLARY FROM VEHICLE","BATTERY ON A FIREFIGHTER","PICKPOCKET","BATTERY ON A FIREFIGHTER","THEFT OF IDENTITY","BATTERY ON A FIREFIGHTER","BATTERY ON A FIREFIGHTER","BURGLARY FROM VEHICLE","BATTERY ON A FIREFIGHTER","BATTERY ON A FIREFIGHTER","BATTERY ON A FIREFIGHTER","DISTURBING THE PEACE","BATTERY ON A FIREFIGHTER","BATTERY ON A FIREFIGHTER","BATTERY ON A FIREFIGHTER","VANDALISM - MISDEAMEANOR ($399 OR UNDER)","THEFT-GRAND ($950.01 & OVER)EXCPT,GUNS,FOWL,LIVESTK,PROD","BATTERY ON A FIREFIGHTER","BATTERY ON A FIREFIGHTER","BATTERY ON A FIREFIGHTER","BATTERY ON A FIREFIGHTER","BATTERY ON A FIREFIGHTER","BATTERY ON A FIREFIGHTER","BATTERY ON A FIREFIGHTER","BATTERY ON A FIREFIGHTER","THEFT OF IDENTITY","BATTERY ON A FIREFIGHTER","BATTERY ON A FIREFIGHTER","BATTERY ON A FIREFIGHTER","THEFT PLAIN - PETTY ($950 & UNDER)","BATTERY ON A FIREFIGHTER","CRIMINAL THREATS - NO WEAPON DISPLAYED","BATTERY ON A FIREFIGHTER","BATTERY ON A FIREFIGHTER","BATTERY ON A FIREFIGHTER","BATTERY ON A FIREFIGHTER","BATTERY ON A FIREFIGHTER","BATTERY ON A FIREFIGHTER","THEFT PLAIN - PETTY ($950 & UNDER)","VANDALISM - FELONY ($400 & OVER, ALL CHURCH VANDALISMS)","BURGLARY","LETTERS, LEWD  -  TELEPHONE CALLS, LEWD","BATTERY ON A FIREFIGHTER","BATTERY ON A FIREFIGHTER","BATTERY ON A FIREFIGHTER","BATTERY ON A FIREFIGHTER","BATTERY ON A FIREFIGHTER","LETTERS, LEWD  -  TELEPHONE CALLS, LEWD","THEFT PLAIN - PETTY ($950 & UNDER)","BATTERY ON A FIREFIGHTER","BATTERY ON A FIREFIGHTER","THEFT FROM MOTOR VEHICLE - GRAND ($950.01 AND OVER)","BATTERY ON A FIREFIGHTER","ASSAULT WITH DEADLY WEAPON ON POLICE OFFICER","BURGLARY","BATTERY ON A FIREFIGHTER","BATTERY ON A FIREFIGHTER","BATTERY ON A FIREFIGHTER","BATTERY ON A FIREFIGHTER","BATTERY ON A FIREFIGHTER","BATTERY ON A FIREFIGHTER","BURGLARY FROM VEHICLE","BATTERY ON A FIREFIGHTER","BATTERY ON A FIREFIGHTER","BATTERY ON A FIREFIGHTER","BATTERY ON A FIREFIGHTER","BATTERY ON A FIREFIGHTER","BATTERY ON A FIREFIGHTER","BATTERY ON A FIREFIGHTER","THEFT PLAIN - PETTY ($950 & UNDER)","CRIMINAL THREATS - NO WEAPON DISPLAYED","LETTERS, LEWD  -  TELEPHONE CALLS, LEWD","VIOLATION OF COURT ORDER","BATTERY ON A FIREFIGHTER","BATTERY ON A FIREFIGHTER","BATTERY ON A FIREFIGHTER","BIKE - STOLEN","BATTERY ON A FIREFIGHTER","BATTERY ON A FIREFIGHTER","VANDALISM - FELONY ($400 & OVER, ALL CHURCH VANDALISMS)","BATTERY ON A FIREFIGHTER","BATTERY ON A FIREFIGHTER","BATTERY ON A FIREFIGHTER","BATTERY ON A FIREFIGHTER","BATTERY ON A FIREFIGHTER","BATTERY ON A FIREFIGHTER","BATTERY ON A FIREFIGHTER","LETTERS, LEWD  -  TELEPHONE CALLS, LEWD","BATTERY ON A FIREFIGHTER","VANDALISM - FELONY ($400 & OVER, ALL CHURCH VANDALISMS)","BATTERY ON A FIREFIGHTER","VIOLATION OF RESTRAINING ORDER","BATTERY ON A FIREFIGHTER","BATTERY ON A FIREFIGHTER","VANDALISM - FELONY ($400 & OVER, ALL CHURCH VANDALISMS)","BATTERY ON A FIREFIGHTER","BATTERY ON A FIREFIGHTER","THEFT FROM MOTOR VEHICLE - GRAND ($950.01 AND OVER)","VIOLATION OF RESTRAINING ORDER","INTIMATE PARTNER - AGGRAVATED ASSAULT","BATTERY ON A FIREFIGHTER","BATTERY ON A FIREFIGHTER","BATTERY ON A FIREFIGHTER","BATTERY ON A FIREFIGHTER","BATTERY ON A FIREFIGHTER","BATTERY ON A FIREFIGHTER","BATTERY ON A FIREFIGHTER","VANDALISM - FELONY ($400 & OVER, ALL CHURCH VANDALISMS)","BATTERY ON A FIREFIGHTER","BATTERY - SIMPLE ASSAULT","BATTERY ON A FIREFIGHTER","BATTERY ON A FIREFIGHTER","BATTERY ON A FIREFIGHTER","BATTERY ON A FIREFIGHTER","BATTERY ON A FIREFIGHTER","VANDALISM - FELONY ($400 & OVER, ALL CHURCH VANDALISMS)","VIOLATION OF COURT ORDER","BATTERY ON A FIREFIGHTER","BATTERY ON A FIREFIGHTER","BATTERY ON A FIREFIGHTER","BATTERY ON A FIREFIGHTER","BATTERY ON A FIREFIGHTER","BATTERY ON A FIREFIGHTER","BATTERY ON A FIREFIGHTER","BATTERY ON A FIREFIGHTER","BATTERY ON A FIREFIGHTER","BATTERY ON A FIREFIGHTER","THEFT FROM MOTOR VEHICLE - PETTY ($950 & UNDER)","BATTERY ON A FIREFIGHTER","VANDALISM - FELONY ($400 & OVER, ALL CHURCH VANDALISMS)","BATTERY ON A FIREFIGHTER","BATTERY ON A FIREFIGHTER","BATTERY ON A FIREFIGHTER","VANDALISM - FELONY ($400 & OVER, ALL CHURCH VANDALISMS)","BATTERY ON A FIREFIGHTER","BATTERY ON A FIREFIGHTER","BATTERY ON A FIREFIGHTER","BATTERY ON A FIREFIGHTER","BATTERY ON A FIREFIGHTER","BATTERY ON A FIREFIGHTER","BATTERY ON A FIREFIGHTER","BATTERY ON A FIREFIGHTER","BATTERY ON A FIREFIGHTER","BATTERY ON A FIREFIGHTER","BURGLARY","BATTERY ON A FIREFIGHTER","BATTERY ON A FIREFIGHTER","BATTERY ON A FIREFIGHTER","BATTERY ON A FIREFIGHTER","BATTERY ON A FIREFIGHTER","THEFT PLAIN - PETTY ($950 & UNDER)","VIOLATION OF COURT ORDER","VANDALISM - FELONY ($400 & OVER, ALL CHURCH VANDALISMS)","BATTERY ON A FIREFIGHTER","TRESPASSING","BATTERY ON A FIREFIGHTER","VANDALISM - FELONY ($400 & OVER, ALL CHURCH VANDALISMS)","BURGLARY","BATTERY ON A FIREFIGHTER","BATTERY ON A FIREFIGHTER","BATTERY ON A FIREFIGHTER","BURGLARY FROM VEHICLE","BATTERY ON A FIREFIGHTER","BATTERY ON A FIREFIGHTER","VANDALISM - MISDEAMEANOR ($399 OR UNDER)","BATTERY ON A FIREFIGHTER","VANDALISM - MISDEAMEANOR ($399 OR UNDER)","BRANDISH WEAPON","BATTERY ON A FIREFIGHTER","THEFT-GRAND ($950.01 & OVER)EXCPT,GUNS,FOWL,LIVESTK,PROD","THEFT PLAIN - PETTY ($950 & UNDER)","THEFT PLAIN - PETTY ($950 & UNDER)","BATTERY ON A FIREFIGHTER","BATTERY ON A FIREFIGHTER","VANDALISM - FELONY ($400 & OVER, ALL CHURCH VANDALISMS)","BURGLARY","BATTERY ON A FIREFIGHTER","BATTERY ON A FIREFIGHTER","BATTERY ON A FIREFIGHTER","BATTERY ON A FIREFIGHTER","VANDALISM - MISDEAMEANOR ($399 OR UNDER)","BATTERY ON A FIREFIGHTER","BATTERY ON A FIREFIGHTER"]}],"domain":{"x":[0.0,1.0],"y":[0.0,1.0]},"name":"","type":"parcats"}],"layout":{"template":{"data":{"histogram2dcontour":[{"type":"histogram2dcontour","colorbar":{"outlinewidth":0,"ticks":""},"colorscale":[[0.0,"#0d0887"],[0.1111111111111111,"#46039f"],[0.2222222222222222,"#7201a8"],[0.3333333333333333,"#9c179e"],[0.4444444444444444,"#bd3786"],[0.5555555555555556,"#d8576b"],[0.6666666666666666,"#ed7953"],[0.7777777777777778,"#fb9f3a"],[0.8888888888888888,"#fdca26"],[1.0,"#f0f921"]]}],"choropleth":[{"type":"choropleth","colorbar":{"outlinewidth":0,"ticks":""}}],"histogram2d":[{"type":"histogram2d","colorbar":{"outlinewidth":0,"ticks":""},"colorscale":[[0.0,"#0d0887"],[0.1111111111111111,"#46039f"],[0.2222222222222222,"#7201a8"],[0.3333333333333333,"#9c179e"],[0.4444444444444444,"#bd3786"],[0.5555555555555556,"#d8576b"],[0.6666666666666666,"#ed7953"],[0.7777777777777778,"#fb9f3a"],[0.8888888888888888,"#fdca26"],[1.0,"#f0f921"]]}],"heatmap":[{"type":"heatmap","colorbar":{"outlinewidth":0,"ticks":""},"colorscale":[[0.0,"#0d0887"],[0.1111111111111111,"#46039f"],[0.2222222222222222,"#7201a8"],[0.3333333333333333,"#9c179e"],[0.4444444444444444,"#bd3786"],[0.5555555555555556,"#d8576b"],[0.6666666666666666,"#ed7953"],[0.7777777777777778,"#fb9f3a"],[0.8888888888888888,"#fdca26"],[1.0,"#f0f921"]]}],"heatmapgl":[{"type":"heatmapgl","colorbar":{"outlinewidth":0,"ticks":""},"colorscale":[[0.0,"#0d0887"],[0.1111111111111111,"#46039f"],[0.2222222222222222,"#7201a8"],[0.3333333333333333,"#9c179e"],[0.4444444444444444,"#bd3786"],[0.5555555555555556,"#d8576b"],[0.6666666666666666,"#ed7953"],[0.7777777777777778,"#fb9f3a"],[0.8888888888888888,"#fdca26"],[1.0,"#f0f921"]]}],"contourcarpet":[{"type":"contourcarpet","colorbar":{"outlinewidth":0,"ticks":""}}],"contour":[{"type":"contour","colorbar":{"outlinewidth":0,"ticks":""},"colorscale":[[0.0,"#0d0887"],[0.1111111111111111,"#46039f"],[0.2222222222222222,"#7201a8"],[0.3333333333333333,"#9c179e"],[0.4444444444444444,"#bd3786"],[0.5555555555555556,"#d8576b"],[0.6666666666666666,"#ed7953"],[0.7777777777777778,"#fb9f3a"],[0.8888888888888888,"#fdca26"],[1.0,"#f0f921"]]}],"surface":[{"type":"surface","colorbar":{"outlinewidth":0,"ticks":""},"colorscale":[[0.0,"#0d0887"],[0.1111111111111111,"#46039f"],[0.2222222222222222,"#7201a8"],[0.3333333333333333,"#9c179e"],[0.4444444444444444,"#bd3786"],[0.5555555555555556,"#d8576b"],[0.6666666666666666,"#ed7953"],[0.7777777777777778,"#fb9f3a"],[0.8888888888888888,"#fdca26"],[1.0,"#f0f921"]]}],"mesh3d":[{"type":"mesh3d","colorbar":{"outlinewidth":0,"ticks":""}}],"scatter":[{"fillpattern":{"fillmode":"overlay","size":10,"solidity":0.2},"type":"scatter"}],"parcoords":[{"type":"parcoords","line":{"colorbar":{"outlinewidth":0,"ticks":""}}}],"scatterpolargl":[{"type":"scatterpolargl","marker":{"colorbar":{"outlinewidth":0,"ticks":""}}}],"bar":[{"error_x":{"color":"#2a3f5f"},"error_y":{"color":"#2a3f5f"},"marker":{"line":{"color":"#E5ECF6","width":0.5},"pattern":{"fillmode":"overlay","size":10,"solidity":0.2}},"type":"bar"}],"scattergeo":[{"type":"scattergeo","marker":{"colorbar":{"outlinewidth":0,"ticks":""}}}],"scatterpolar":[{"type":"scatterpolar","marker":{"colorbar":{"outlinewidth":0,"ticks":""}}}],"histogram":[{"marker":{"pattern":{"fillmode":"overlay","size":10,"solidity":0.2}},"type":"histogram"}],"scattergl":[{"type":"scattergl","marker":{"colorbar":{"outlinewidth":0,"ticks":""}}}],"scatter3d":[{"type":"scatter3d","line":{"colorbar":{"outlinewidth":0,"ticks":""}},"marker":{"colorbar":{"outlinewidth":0,"ticks":""}}}],"scattermapbox":[{"type":"scattermapbox","marker":{"colorbar":{"outlinewidth":0,"ticks":""}}}],"scatterternary":[{"type":"scatterternary","marker":{"colorbar":{"outlinewidth":0,"ticks":""}}}],"scattercarpet":[{"type":"scattercarpet","marker":{"colorbar":{"outlinewidth":0,"ticks":""}}}],"carpet":[{"aaxis":{"endlinecolor":"#2a3f5f","gridcolor":"white","linecolor":"white","minorgridcolor":"white","startlinecolor":"#2a3f5f"},"baxis":{"endlinecolor":"#2a3f5f","gridcolor":"white","linecolor":"white","minorgridcolor":"white","startlinecolor":"#2a3f5f"},"type":"carpet"}],"table":[{"cells":{"fill":{"color":"#EBF0F8"},"line":{"color":"white"}},"header":{"fill":{"color":"#C8D4E3"},"line":{"color":"white"}},"type":"table"}],"barpolar":[{"marker":{"line":{"color":"#E5ECF6","width":0.5},"pattern":{"fillmode":"overlay","size":10,"solidity":0.2}},"type":"barpolar"}],"pie":[{"automargin":true,"type":"pie"}]},"layout":{"autotypenumbers":"strict","colorway":["#636efa","#EF553B","#00cc96","#ab63fa","#FFA15A","#19d3f3","#FF6692","#B6E880","#FF97FF","#FECB52"],"font":{"color":"#2a3f5f"},"hovermode":"closest","hoverlabel":{"align":"left"},"paper_bgcolor":"white","plot_bgcolor":"#E5ECF6","polar":{"bgcolor":"#E5ECF6","angularaxis":{"gridcolor":"white","linecolor":"white","ticks":""},"radialaxis":{"gridcolor":"white","linecolor":"white","ticks":""}},"ternary":{"bgcolor":"#E5ECF6","aaxis":{"gridcolor":"white","linecolor":"white","ticks":""},"baxis":{"gridcolor":"white","linecolor":"white","ticks":""},"caxis":{"gridcolor":"white","linecolor":"white","ticks":""}},"coloraxis":{"colorbar":{"outlinewidth":0,"ticks":""}},"colorscale":{"sequential":[[0.0,"#0d0887"],[0.1111111111111111,"#46039f"],[0.2222222222222222,"#7201a8"],[0.3333333333333333,"#9c179e"],[0.4444444444444444,"#bd3786"],[0.5555555555555556,"#d8576b"],[0.6666666666666666,"#ed7953"],[0.7777777777777778,"#fb9f3a"],[0.8888888888888888,"#fdca26"],[1.0,"#f0f921"]],"sequentialminus":[[0.0,"#0d0887"],[0.1111111111111111,"#46039f"],[0.2222222222222222,"#7201a8"],[0.3333333333333333,"#9c179e"],[0.4444444444444444,"#bd3786"],[0.5555555555555556,"#d8576b"],[0.6666666666666666,"#ed7953"],[0.7777777777777778,"#fb9f3a"],[0.8888888888888888,"#fdca26"],[1.0,"#f0f921"]],"diverging":[[0,"#8e0152"],[0.1,"#c51b7d"],[0.2,"#de77ae"],[0.3,"#f1b6da"],[0.4,"#fde0ef"],[0.5,"#f7f7f7"],[0.6,"#e6f5d0"],[0.7,"#b8e186"],[0.8,"#7fbc41"],[0.9,"#4d9221"],[1,"#276419"]]},"xaxis":{"gridcolor":"white","linecolor":"white","ticks":"","title":{"standoff":15},"zerolinecolor":"white","automargin":true,"zerolinewidth":2},"yaxis":{"gridcolor":"white","linecolor":"white","ticks":"","title":{"standoff":15},"zerolinecolor":"white","automargin":true,"zerolinewidth":2},"scene":{"xaxis":{"backgroundcolor":"#E5ECF6","gridcolor":"white","linecolor":"white","showbackground":true,"ticks":"","zerolinecolor":"white","gridwidth":2},"yaxis":{"backgroundcolor":"#E5ECF6","gridcolor":"white","linecolor":"white","showbackground":true,"ticks":"","zerolinecolor":"white","gridwidth":2},"zaxis":{"backgroundcolor":"#E5ECF6","gridcolor":"white","linecolor":"white","showbackground":true,"ticks":"","zerolinecolor":"white","gridwidth":2}},"shapedefaults":{"line":{"color":"#2a3f5f"}},"annotationdefaults":{"arrowcolor":"#2a3f5f","arrowhead":0,"arrowwidth":1},"geo":{"bgcolor":"white","landcolor":"#E5ECF6","subunitcolor":"white","showland":true,"showlakes":true,"lakecolor":"white"},"title":{"x":0.05},"mapbox":{"style":"light"}}},"legend":{"tracegroupgap":0},"title":{"text":"Parallel Categories Plot for Crime Data"},"font":{"size":12,"color":"black"},"dragmode":"select","plot_bgcolor":"white","paper_bgcolor":"white"}}